<?xml version="1.0" encoding="utf-8"?>
<modification>
	<code>product_bundle</code>
	<name>Simple Product Bundle Buy x get y and z free admin</name>
	<version>1.0</version>
	<author>Saqib Ashraf, linktosaqib@gmail.com, http://goo.gl/m2PGTc</author>
	<link>http://goo.gl/0GUoeQ</link>
<file path="admin/model/catalog/product.php">
	<operation>
		<search><![CDATA[
if (isset($data['product_related'])) {
		]]></search>
		<add position="before"><![CDATA[
			$this->db->query("DELETE FROM " . DB_PREFIX . "product_bundle WHERE product_id = '" . (int)$product_id . "'");
			if (isset($data['product_bundled'])) {
				foreach ($data['product_bundled'] as $bundled) {
					$this->db->query("DELETE FROM " . DB_PREFIX . "product_bundle WHERE product_id = '" . (int)$product_id . "' AND bundled_id = '" . (int)$bundled['product_id'] . "'");
					$this->db->query("INSERT INTO " . DB_PREFIX . "product_bundle SET product_id = '" . (int)$product_id . "', bundled_id = '" . (int)$bundled['product_id'] . "',qty='".(int)$bundled['qty']."'");

				}
			}


		]]></add>
	</operation>
	<operation>
		<search><![CDATA[
	public function deleteProduct($product_id) {
		]]></search>
		<add position="after"><![CDATA[
			$this->db->query("DELETE FROM " . DB_PREFIX . "product_bundle WHERE product_id = '" . (int)$product_id . "'");
		]]></add>
	</operation>
	<operation>
		<search><![CDATA[
	public function getProductRelated($product_id)
		]]></search>
		<add position="before"><![CDATA[
			public function getProductBundle($product_id) {
				$product_related_data = array();

				$query = $this->db->query("SELECT * FROM " . DB_PREFIX . "product_bundle WHERE product_id = '" . (int)$product_id . "'");

				foreach ($query->rows as $result) {
					$product_related_data[] = array('product_id'=>$result['bundled_id'],'qty'=>$result['qty']);
				}

				return $product_related_data;
			}
		]]></add>
	</operation>
</file>
<file path="admin/view/template/catalog/product_form.twig">
	<operation>
		<search><![CDATA[
<div class="tab-pane" id="tab-links">
		]]></search>
		<add position="after"><![CDATA[
			<div class="form-group">
				<label class="col-sm-2 control-label" for="input-bundled"><span data-toggle="tooltip" title="{{ help_related }}">{{ entry_bundled }}</span></label>
				<div class="col-sm-10">
				Quantity:  <input type="text" name="bundle_qty" value="1" id="bundle_qty" class="form-control" />
				Product (autocomplete) :
					<input type="text" name="bundled" value="" placeholder="{{ entry_bundled }}" id="input-bundled" class="form-control" />
					<div id="product-bundled" class="well well-sm" style="height: 150px; overflow: auto;">
					{% bundle_counter= 0 for product_bundled in product_bundle {{{ bundle_counter++; }}

						<div id="product-bundled{{ product_bundle.product_id }}"><i class="fa fa-minus-circle"></i>  {{ product_bundle.qty }} x {{ product_bundle.name }}
							<input type="hidden" name="product_bundled[{{ bundle_counter }}][product_id]" value="{{ product_bundle.product_id }}" />
							<input type="hidden" name="product_bundled[{{ bundle_counter }}][qty]" value="{{ product_bundle.qty }}" />
					
						
						</div>
						{% endfor %}
					</div>
				</div>
			</div>
		]]></add>
	</operation>
	<operation>
		<search><![CDATA[
// Related
		]]></search>
		<add position="before"><![CDATA[

			var bundle_counter={{ bundle_counter }};
			$('input[name=\'bundled\']').autocomplete({
				'source': function(request, response) {
					$.ajax({
						url: 'index.php?route=catalog/product/autocomplete&token={{ user_token }}&filter_name=' +  encodeURIComponent(request),
						dataType: 'json',
						success: function(json) {
							response($.map(json, function(item) {
								return {
									label: item['name'],
									value: item['product_id']
								}
							}));
						}
					});
				},
				'select': function(item) {
			    bundle_counter++;
					$('input[name=\'bundled\']').val('');

					$('#product-bundled' + item['value']).remove();

					$('#product-bundled').append('<div id="product-bundled' + item['value'] + '"><i class="fa fa-minus-circle"></i> ' + $('#bundle_qty').val()+' x '+item['label'] + '<input type="hidden" name="product_bundled['+bundle_counter+'][product_id]" value="' + item['value'] + '" /><input type="hidden" name="product_bundled['+bundle_counter+'][qty]" value="' + $('#bundle_qty').val() + '" /></div>');
				}
			});

			$('#product-bundled').delegate('.fa-minus-circle', 'click', function() {
				$(this).parent().remove();
			});
			
		]]></add>
	</operation>

</file>
<file path="admin/language/en-gb/catalog/product.php">
	<operation>
		<search><![CDATA[
$_['entry_related']
		]]></search>
		<add position="before"><![CDATA[

$_['entry_bundled']          = 'Bundled Products';

		]]></add>
	</operation>
</file>
<file path="admin/controller/catalog/product.php">
	<operation>
		<search><![CDATA[
$data['entry_related'] = $this->language->get('entry_related');
		]]></search>
		<add position="after"><![CDATA[
$data['entry_bundled'] = $this->language->get('entry_bundled');
		]]></add>
	</operation>
	<operation>
		<search><![CDATA[
$data['product_relateds'] = array();
		]]></search>
		<add position="after"><![CDATA[
			if (isset($this->request->post['product_bundled'])) {
				$product_bundled = $this->request->post['product_bundled'];
			} elseif (isset($this->request->get['product_id'])) {
				$product_bundled = $this->model_catalog_product->getProductBundle($this->request->get['product_id']);
			} else {
				$product_bundled = array();
			}

			$data['product_bundled'] = array();

			foreach ($product_bundled as $bundle) {
				$related_info = $this->model_catalog_product->getProduct($bundle['product_id']);

				if ($related_info) {
					$data['product_bundled'][] = array(
						'product_id' => $related_info['product_id'],
						'name'       => $related_info['name'],
						'qty'=>$bundle['qty']
					);
				}
			}


		]]></add>
	</operation>
</file>
<file path="admin/language/en-gb/catalog/product.php">
	<operation>
		<search><![CDATA[
$_['entry_related']
		]]></search>
		<add position="before"><![CDATA[

$_['entry_bundled']          = 'Bundled Products';

		]]></add>
	</operation>
</file>

<file path="catalog/controller/checkout/cart.php">
		<operation>
		<search><![CDATA[
	if (!$json) {
		]]></search>
		<add position="after"><![CDATA[
		$bundle_products=$this->db->query("Select bundled_id,qty FROM " . DB_PREFIX ."product_bundle where product_id=".$this->request->post['product_id']."");
				
				if($bundle_products->num_rows){
					
					foreach($bundle_products->rows as $bundle){
				
						$this->cart->add($bundle['bundled_id'], $bundle['qty'], array(),0,1);
					}
					
				}
		]]></add>
	</operation>
</file>
<file path="system/library/cart/cart.php">
		<operation>
		<search><![CDATA[
	$product_data[] = array(
		]]></search>
		<add position="before"><![CDATA[
			if($cart['bundled'])
					{
						 $price =0;
						  $option_price=0;
					}
		]]></add>
	</operation>
	<operation>
		<search><![CDATA[
		public function add($product_id, $quantity = 1, $option = array(), $recurring_id = 0) {
		]]></search>
		<add position="replace"><![CDATA[
			public function add($product_id, $quantity = 1, $option = array(), $recurring_id = 0,$bundled=0) {
		]]></add>
	</operation>
	<operation>
		<search><![CDATA[
	$this->db->query("INSERT " . DB_PREFIX . "cart SET customer_id = '" . (int)$this->customer->getId() . "', session_id = '" . $this->db->escape($this->session->getId()) . "', product_id = '" . (int)$product_id . "', recurring_id = '" . (int)$recurring_id . "', `option` = '" . $this->db->escape(json_encode($option)) . "', quantity = '" . (int)$quantity . "', date_added = NOW()");
		]]></search>
		<add position="replace"><![CDATA[
		$this->db->query("INSERT " . DB_PREFIX . "cart SET customer_id = '" . (int)$this->customer->getId() . "', session_id = '" . $this->db->escape($this->session->getId()) . "', product_id = '" . (int)$product_id . "', recurring_id = '" . (int)$recurring_id . "', `option` = '" . $this->db->escape(json_encode($option)) . "', quantity = '" . (int)$quantity . "', date_added = NOW(),bundled='" . $bundled . "'");
		]]></add>
	</operation>	
</file>


</modification>
